"Run","Run ID","metric","step","timestamp","value"
"finetune_demo","5c3358db598c45eb9a71a1125d4bd6c2","train_predictor_loss_batch","0","1765789453761","3.786989688873291"
"finetune_demo","5c3358db598c45eb9a71a1125d4bd6c2","train_predictor_loss_batch","103","1765789629602","3.5307059288024902"
"finetune_demo","5c3358db598c45eb9a71a1125d4bd6c2","train_predictor_loss_batch","206","1765789808614","3.412179946899414"
"finetune_demo","5c3358db598c45eb9a71a1125d4bd6c2","train_predictor_loss_batch","309","1765789986839","3.34480619430542"
"finetune_demo","5c3358db598c45eb9a71a1125d4bd6c2","train_predictor_loss_batch","412","1765790165028","3.224637508392334"
"finetune_demo","5c3358db598c45eb9a71a1125d4bd6c2","train_predictor_loss_batch","516","1765790345254","3.1878743171691895"
"finetune_demo","5c3358db598c45eb9a71a1125d4bd6c2","train_predictor_loss_batch","619","1765790523879","3.132362127304077"
"finetune_demo","5c3358db598c45eb9a71a1125d4bd6c2","train_predictor_loss_batch","722","1765790702317","3.0921154022216797"
"finetune_demo","5c3358db598c45eb9a71a1125d4bd6c2","train_predictor_loss_batch","825","1765790880871","3.0879955291748047"
"finetune_demo","5c3358db598c45eb9a71a1125d4bd6c2","train_predictor_loss_batch","928","1765791059703","3.0039846897125244"
"finetune_demo","5c3358db598c45eb9a71a1125d4bd6c2","train_predictor_loss_batch","1032","1765791240284","2.9661545753479004"
"finetune_demo","5c3358db598c45eb9a71a1125d4bd6c2","train_predictor_loss_batch","1135","1765791418917","2.962608814239502"
"finetune_demo","5c3358db598c45eb9a71a1125d4bd6c2","train_predictor_loss_batch","1238","1765791597869","2.8875746726989746"
"finetune_demo","5c3358db598c45eb9a71a1125d4bd6c2","train_predictor_loss_batch","1341","1765791777085","2.8917970657348633"
"finetune_demo","5c3358db598c45eb9a71a1125d4bd6c2","train_predictor_loss_batch","1444","1765791991891","2.838338851928711"
"finetune_demo","5c3358db598c45eb9a71a1125d4bd6c2","train_predictor_loss_batch","1548","1765792172784","2.817744731903076"
"finetune_demo","5c3358db598c45eb9a71a1125d4bd6c2","train_predictor_loss_batch","1651","1765792351811","2.8071377277374268"
"finetune_demo","5c3358db598c45eb9a71a1125d4bd6c2","train_predictor_loss_batch","1754","1765792531212","2.773982524871826"
"finetune_demo","5c3358db598c45eb9a71a1125d4bd6c2","train_predictor_loss_batch","1857","1765792710432","2.736624240875244"
"finetune_demo","5c3358db598c45eb9a71a1125d4bd6c2","train_predictor_loss_batch","1960","1765792889475","2.7428603172302246"
"finetune_demo","5c3358db598c45eb9a71a1125d4bd6c2","train_predictor_loss_batch","2064","1765793070167","2.68097186088562"
"finetune_demo","5c3358db598c45eb9a71a1125d4bd6c2","train_predictor_loss_batch","2167","1765793248907","2.6972031593322754"
"finetune_demo","5c3358db598c45eb9a71a1125d4bd6c2","train_predictor_loss_batch","2270","1765793427856","2.685695171356201"
"finetune_demo","5c3358db598c45eb9a71a1125d4bd6c2","train_predictor_loss_batch","2373","1765793606906","2.670969247817993"
"finetune_demo","5c3358db598c45eb9a71a1125d4bd6c2","train_predictor_loss_batch","2476","1765793785693","2.681805372238159"
"finetune_demo","5c3358db598c45eb9a71a1125d4bd6c2","train_predictor_loss_batch","2580","1765793966398","2.6978402137756348"
"finetune_demo","5c3358db598c45eb9a71a1125d4bd6c2","train_predictor_loss_batch","2683","1765794145155","2.6491174697875977"
"finetune_demo","5c3358db598c45eb9a71a1125d4bd6c2","train_predictor_loss_batch","2786","1765794323479","2.6492509841918945"
"finetune_demo","5c3358db598c45eb9a71a1125d4bd6c2","train_predictor_loss_batch","2889","1765794536649","2.625213146209717"
"finetune_demo","5c3358db598c45eb9a71a1125d4bd6c2","train_predictor_loss_batch","2992","1765794715118","2.636132001876831"
"finetune_demo","5c3358db598c45eb9a71a1125d4bd6c2","train_predictor_loss_batch","3096","1765794895517","2.591346502304077"
"finetune_demo","5c3358db598c45eb9a71a1125d4bd6c2","train_predictor_loss_batch","3199","1765795073638","2.5801353454589844"
"finetune_demo","5c3358db598c45eb9a71a1125d4bd6c2","train_predictor_loss_batch","3302","1765795251841","2.5562076568603516"
"finetune_demo","5c3358db598c45eb9a71a1125d4bd6c2","train_predictor_loss_batch","3405","1765795429870","2.562722682952881"
"finetune_demo","5c3358db598c45eb9a71a1125d4bd6c2","train_predictor_loss_batch","3508","1765795607484","2.591827869415283"
"finetune_demo","5c3358db598c45eb9a71a1125d4bd6c2","train_predictor_loss_batch","3612","1765795787392","2.53726863861084"
"finetune_demo","5c3358db598c45eb9a71a1125d4bd6c2","train_predictor_loss_batch","3715","1765795965324","2.5310308933258057"
"finetune_demo","5c3358db598c45eb9a71a1125d4bd6c2","train_predictor_loss_batch","3818","1765796143339","2.5245766639709473"
"finetune_demo","5c3358db598c45eb9a71a1125d4bd6c2","train_predictor_loss_batch","3921","1765796321493","2.5272417068481445"
"finetune_demo","5c3358db598c45eb9a71a1125d4bd6c2","train_predictor_loss_batch","4024","1765796499613","2.508453369140625"
"finetune_demo","5c3358db598c45eb9a71a1125d4bd6c2","train_predictor_loss_batch","4128","1765796679053","2.518772840499878"
"finetune_demo","5c3358db598c45eb9a71a1125d4bd6c2","train_predictor_loss_batch","4231","1765796891948","2.4715206623077393"
"finetune_demo","5c3358db598c45eb9a71a1125d4bd6c2","train_predictor_loss_batch","4334","1765797069989","2.4916205406188965"
"finetune_demo","5c3358db598c45eb9a71a1125d4bd6c2","train_predictor_loss_batch","4437","1765797248267","2.488842248916626"
"finetune_demo","5c3358db598c45eb9a71a1125d4bd6c2","train_predictor_loss_batch","4540","1765797426939","2.4679174423217773"
"finetune_demo","5c3358db598c45eb9a71a1125d4bd6c2","train_predictor_loss_batch","4644","1765797606531","2.490638256072998"
"finetune_demo","5c3358db598c45eb9a71a1125d4bd6c2","train_predictor_loss_batch","4747","1765797784710","2.4272713661193848"
"finetune_demo","5c3358db598c45eb9a71a1125d4bd6c2","train_predictor_loss_batch","4850","1765797962582","2.4366636276245117"
"finetune_demo","5c3358db598c45eb9a71a1125d4bd6c2","train_predictor_loss_batch","4953","1765798140642","2.453230857849121"
"finetune_demo","5c3358db598c45eb9a71a1125d4bd6c2","train_predictor_loss_batch","5056","1765798319424","2.448828935623169"
"finetune_demo","5c3358db598c45eb9a71a1125d4bd6c2","train_predictor_loss_batch","5160","1765798498859","2.434704542160034"
"finetune_demo","5c3358db598c45eb9a71a1125d4bd6c2","train_predictor_loss_batch","5263","1765798677214","2.4081320762634277"
"finetune_demo","5c3358db598c45eb9a71a1125d4bd6c2","train_predictor_loss_batch","5366","1765798855600","2.362908124923706"
"finetune_demo","5c3358db598c45eb9a71a1125d4bd6c2","train_predictor_loss_batch","5469","1765799034173","2.384796142578125"
"finetune_demo","5c3358db598c45eb9a71a1125d4bd6c2","train_predictor_loss_batch","5572","1765799212441","2.3674466609954834"
"finetune_demo","5c3358db598c45eb9a71a1125d4bd6c2","train_predictor_loss_batch","5676","1765799427277","2.3710761070251465"
"finetune_demo","5c3358db598c45eb9a71a1125d4bd6c2","train_predictor_loss_batch","5779","1765799605837","2.3494155406951904"
"finetune_demo","5c3358db598c45eb9a71a1125d4bd6c2","train_predictor_loss_batch","5882","1765799784534","2.360502004623413"
"finetune_demo","5c3358db598c45eb9a71a1125d4bd6c2","train_predictor_loss_batch","5985","1765799963397","2.3633439540863037"
"finetune_demo","5c3358db598c45eb9a71a1125d4bd6c2","train_predictor_loss_batch","6088","1765800141694","2.333000898361206"
"finetune_demo","5c3358db598c45eb9a71a1125d4bd6c2","train_predictor_loss_batch","6192","1765800321647","2.311458110809326"
"finetune_demo","5c3358db598c45eb9a71a1125d4bd6c2","train_predictor_loss_batch","6295","1765800500713","2.3378677368164062"
"finetune_demo","5c3358db598c45eb9a71a1125d4bd6c2","train_predictor_loss_batch","6398","1765800679925","2.3288333415985107"
"finetune_demo","5c3358db598c45eb9a71a1125d4bd6c2","train_predictor_loss_batch","6501","1765800858363","2.3173599243164062"
"finetune_demo","5c3358db598c45eb9a71a1125d4bd6c2","train_predictor_loss_batch","6604","1765801037565","2.303072929382324"
"finetune_demo","5c3358db598c45eb9a71a1125d4bd6c2","train_predictor_loss_batch","6708","1765801217893","2.275181531906128"
"finetune_demo","5c3358db598c45eb9a71a1125d4bd6c2","train_predictor_loss_batch","6811","1765801397360","2.2786307334899902"
"finetune_demo","5c3358db598c45eb9a71a1125d4bd6c2","train_predictor_loss_batch","6914","1765801575569","2.262334108352661"
"finetune_demo","5c3358db598c45eb9a71a1125d4bd6c2","train_predictor_loss_batch","7017","1765801788679","2.266324996948242"
"finetune_demo","5c3358db598c45eb9a71a1125d4bd6c2","train_predictor_loss_batch","7120","1765801967035","2.22857403755188"
"finetune_demo","5c3358db598c45eb9a71a1125d4bd6c2","train_predictor_loss_batch","7224","1765802147518","2.239727735519409"
"finetune_demo","5c3358db598c45eb9a71a1125d4bd6c2","train_predictor_loss_batch","7327","1765802325756","2.2330939769744873"
"finetune_demo","5c3358db598c45eb9a71a1125d4bd6c2","train_predictor_loss_batch","7430","1765802504185","2.231905698776245"
"finetune_demo","5c3358db598c45eb9a71a1125d4bd6c2","train_predictor_loss_batch","7533","1765802682158","2.1974639892578125"
"finetune_demo","5c3358db598c45eb9a71a1125d4bd6c2","train_predictor_loss_batch","7636","1765802860392","2.2489209175109863"
"finetune_demo","5c3358db598c45eb9a71a1125d4bd6c2","train_predictor_loss_batch","7740","1765803039802","2.214106321334839"
"finetune_demo","5c3358db598c45eb9a71a1125d4bd6c2","train_predictor_loss_batch","7843","1765803218103","2.2084994316101074"
"finetune_demo","5c3358db598c45eb9a71a1125d4bd6c2","train_predictor_loss_batch","7946","1765803396304","2.1842026710510254"
"finetune_demo","5c3358db598c45eb9a71a1125d4bd6c2","train_predictor_loss_batch","8049","1765803574309","2.2115345001220703"
"finetune_demo","5c3358db598c45eb9a71a1125d4bd6c2","train_predictor_loss_batch","8152","1765803751959","2.209341526031494"
"finetune_demo","5c3358db598c45eb9a71a1125d4bd6c2","train_predictor_loss_batch","8256","1765803931636","2.1776013374328613"
"finetune_demo","5c3358db598c45eb9a71a1125d4bd6c2","train_predictor_loss_batch","8359","1765804109625","2.209991931915283"
"finetune_demo","5c3358db598c45eb9a71a1125d4bd6c2","train_predictor_loss_batch","8462","1765804322311","2.1375479698181152"
"finetune_demo","5c3358db598c45eb9a71a1125d4bd6c2","train_predictor_loss_batch","8565","1765804500195","2.164677381515503"
"finetune_demo","5c3358db598c45eb9a71a1125d4bd6c2","train_predictor_loss_batch","8668","1765804678808","2.1672303676605225"
"finetune_demo","5c3358db598c45eb9a71a1125d4bd6c2","train_predictor_loss_batch","8772","1765804858158","2.159263849258423"
"finetune_demo","5c3358db598c45eb9a71a1125d4bd6c2","train_predictor_loss_batch","8875","1765805035793","2.143775701522827"
"finetune_demo","5c3358db598c45eb9a71a1125d4bd6c2","train_predictor_loss_batch","8978","1765805213740","2.155874729156494"
"finetune_demo","5c3358db598c45eb9a71a1125d4bd6c2","train_predictor_loss_batch","9081","1765805391783","2.1478891372680664"
"finetune_demo","5c3358db598c45eb9a71a1125d4bd6c2","train_predictor_loss_batch","9184","1765805569976","2.1540284156799316"
"finetune_demo","5c3358db598c45eb9a71a1125d4bd6c2","train_predictor_loss_batch","9288","1765805750037","2.1281795501708984"
"finetune_demo","5c3358db598c45eb9a71a1125d4bd6c2","train_predictor_loss_batch","9391","1765805928633","2.0842370986938477"
"finetune_demo","5c3358db598c45eb9a71a1125d4bd6c2","train_predictor_loss_batch","9494","1765806106488","2.0891969203948975"
"finetune_demo","5c3358db598c45eb9a71a1125d4bd6c2","train_predictor_loss_batch","9597","1765806284123","2.1083695888519287"
"finetune_demo","5c3358db598c45eb9a71a1125d4bd6c2","train_predictor_loss_batch","9700","1765806461915","2.081737756729126"
"finetune_demo","5c3358db598c45eb9a71a1125d4bd6c2","train_predictor_loss_batch","9804","1765806641616","2.0779061317443848"
"finetune_demo","5c3358db598c45eb9a71a1125d4bd6c2","train_predictor_loss_batch","9907","1765806854221","2.111971378326416"
"finetune_demo","5c3358db598c45eb9a71a1125d4bd6c2","train_predictor_loss_batch","10010","1765807032208","2.072709560394287"
"finetune_demo","5c3358db598c45eb9a71a1125d4bd6c2","train_predictor_loss_batch","10113","1765807209905","2.0652689933776855"
"finetune_demo","5c3358db598c45eb9a71a1125d4bd6c2","train_predictor_loss_batch","10216","1765807388586","2.065690040588379"
"finetune_demo","5c3358db598c45eb9a71a1125d4bd6c2","train_predictor_loss_batch","10320","1765807568300","2.0600979328155518"
"finetune_demo","5c3358db598c45eb9a71a1125d4bd6c2","train_predictor_loss_batch","10423","1765807746367","2.0471835136413574"
"finetune_demo","5c3358db598c45eb9a71a1125d4bd6c2","train_predictor_loss_batch","10526","1765807924403","2.0328996181488037"
"finetune_demo","5c3358db598c45eb9a71a1125d4bd6c2","train_predictor_loss_batch","10629","1765808102393","2.0551443099975586"
"finetune_demo","5c3358db598c45eb9a71a1125d4bd6c2","train_predictor_loss_batch","10732","1765808280411","2.0383377075195312"
"finetune_demo","5c3358db598c45eb9a71a1125d4bd6c2","train_predictor_loss_batch","10836","1765808459789","2.0335073471069336"
"finetune_demo","5c3358db598c45eb9a71a1125d4bd6c2","train_predictor_loss_batch","10939","1765808637704","2.0215489864349365"
"finetune_demo","5c3358db598c45eb9a71a1125d4bd6c2","train_predictor_loss_batch","11042","1765808815862","1.996617317199707"
"finetune_demo","5c3358db598c45eb9a71a1125d4bd6c2","train_predictor_loss_batch","11145","1765808994253","2.001617193222046"
"finetune_demo","5c3358db598c45eb9a71a1125d4bd6c2","train_predictor_loss_batch","11248","1765809206796","1.9706296920776367"
"finetune_demo","5c3358db598c45eb9a71a1125d4bd6c2","train_predictor_loss_batch","11352","1765809386618","2.0046019554138184"
"finetune_demo","5c3358db598c45eb9a71a1125d4bd6c2","train_predictor_loss_batch","11455","1765809564732","1.9609853029251099"
"finetune_demo","5c3358db598c45eb9a71a1125d4bd6c2","train_predictor_loss_batch","11558","1765809743167","2.002446413040161"
"finetune_demo","5c3358db598c45eb9a71a1125d4bd6c2","train_predictor_loss_batch","11661","1765809921155","2.002744197845459"
"finetune_demo","5c3358db598c45eb9a71a1125d4bd6c2","train_predictor_loss_batch","11764","1765810099337","1.9616444110870361"
"finetune_demo","5c3358db598c45eb9a71a1125d4bd6c2","train_predictor_loss_batch","11868","1765810279115","1.962235689163208"
"finetune_demo","5c3358db598c45eb9a71a1125d4bd6c2","train_predictor_loss_batch","11971","1765810458029","1.9852490425109863"
"finetune_demo","5c3358db598c45eb9a71a1125d4bd6c2","train_predictor_loss_batch","12074","1765810636117","1.9467417001724243"
"finetune_demo","5c3358db598c45eb9a71a1125d4bd6c2","train_predictor_loss_batch","12177","1765810814463","1.9393718242645264"
"finetune_demo","5c3358db598c45eb9a71a1125d4bd6c2","train_predictor_loss_batch","12280","1765810992717","1.9417866468429565"
"finetune_demo","5c3358db598c45eb9a71a1125d4bd6c2","train_predictor_loss_batch","12384","1765811172846","1.9106756448745728"
"finetune_demo","5c3358db598c45eb9a71a1125d4bd6c2","train_predictor_loss_batch","12487","1765811351621","1.935267686843872"
"finetune_demo","5c3358db598c45eb9a71a1125d4bd6c2","train_predictor_loss_batch","12590","1765811529801","1.9527344703674316"
"finetune_demo","5c3358db598c45eb9a71a1125d4bd6c2","train_predictor_loss_batch","12693","1765811743102","1.955864429473877"
"finetune_demo","5c3358db598c45eb9a71a1125d4bd6c2","train_predictor_loss_batch","12796","1765811920949","1.9321593046188354"
"finetune_demo","5c3358db598c45eb9a71a1125d4bd6c2","train_predictor_loss_batch","12900","1765812100420","1.938779354095459"
"finetune_demo","5c3358db598c45eb9a71a1125d4bd6c2","train_predictor_loss_batch","13003","1765812278056","1.9122371673583984"
"finetune_demo","5c3358db598c45eb9a71a1125d4bd6c2","train_predictor_loss_batch","13106","1765812456010","1.8937300443649292"
"finetune_demo","5c3358db598c45eb9a71a1125d4bd6c2","train_predictor_loss_batch","13209","1765812633626","1.9285905361175537"
"finetune_demo","5c3358db598c45eb9a71a1125d4bd6c2","train_predictor_loss_batch","13312","1765812811487","1.8956127166748047"
"finetune_demo","5c3358db598c45eb9a71a1125d4bd6c2","train_predictor_loss_batch","13416","1765812990622","1.9077672958374023"
"finetune_demo","5c3358db598c45eb9a71a1125d4bd6c2","train_predictor_loss_batch","13519","1765813169061","1.8623641729354858"
"finetune_demo","5c3358db598c45eb9a71a1125d4bd6c2","train_predictor_loss_batch","13622","1765813347065","1.8768203258514404"
"finetune_demo","5c3358db598c45eb9a71a1125d4bd6c2","train_predictor_loss_batch","13725","1765813524913","1.8723716735839844"
"finetune_demo","5c3358db598c45eb9a71a1125d4bd6c2","train_predictor_loss_batch","13828","1765813702514","1.869666576385498"
"finetune_demo","5c3358db598c45eb9a71a1125d4bd6c2","train_predictor_loss_batch","13932","1765813882199","1.8663084506988525"
"finetune_demo","5c3358db598c45eb9a71a1125d4bd6c2","train_predictor_loss_batch","14035","1765814095282","1.889621615409851"
"finetune_demo","5c3358db598c45eb9a71a1125d4bd6c2","train_predictor_loss_batch","14138","1765814273536","1.8434802293777466"
"finetune_demo","5c3358db598c45eb9a71a1125d4bd6c2","train_predictor_loss_batch","14241","1765814452385","1.859069585800171"
"finetune_demo","5c3358db598c45eb9a71a1125d4bd6c2","train_predictor_loss_batch","14344","1765814630168","1.8329956531524658"
"finetune_demo","5c3358db598c45eb9a71a1125d4bd6c2","train_predictor_loss_batch","14448","1765814809834","1.857244849205017"
"finetune_demo","5c3358db598c45eb9a71a1125d4bd6c2","train_predictor_loss_batch","14551","1765814987946","1.842743158340454"
"finetune_demo","5c3358db598c45eb9a71a1125d4bd6c2","train_predictor_loss_batch","14654","1765815166882","1.8390886783599854"
"finetune_demo","5c3358db598c45eb9a71a1125d4bd6c2","train_predictor_loss_batch","14757","1765815344824","1.8443048000335693"
"finetune_demo","5c3358db598c45eb9a71a1125d4bd6c2","train_predictor_loss_batch","14860","1765815522595","1.8038609027862549"
"finetune_demo","5c3358db598c45eb9a71a1125d4bd6c2","train_predictor_loss_batch","14964","1765815702083","1.8138186931610107"
"finetune_demo","5c3358db598c45eb9a71a1125d4bd6c2","train_predictor_loss_batch","15067","1765815880631","1.8348098993301392"
"finetune_demo","5c3358db598c45eb9a71a1125d4bd6c2","train_predictor_loss_batch","15170","1765816059032","1.8259937763214111"
"finetune_demo","5c3358db598c45eb9a71a1125d4bd6c2","train_predictor_loss_batch","15273","1765816238132","1.8259673118591309"
"finetune_demo","5c3358db598c45eb9a71a1125d4bd6c2","train_predictor_loss_batch","15376","1765816415943","1.817869782447815"
"finetune_demo","5c3358db598c45eb9a71a1125d4bd6c2","train_predictor_loss_batch","15480","1765816630269","1.804687261581421"
"finetune_demo","5c3358db598c45eb9a71a1125d4bd6c2","train_predictor_loss_batch","15583","1765816807918","1.8023314476013184"
"finetune_demo","5c3358db598c45eb9a71a1125d4bd6c2","train_predictor_loss_batch","15686","1765816985849","1.7916615009307861"
"finetune_demo","5c3358db598c45eb9a71a1125d4bd6c2","train_predictor_loss_batch","15789","1765817165793","1.8017113208770752"
"finetune_demo","5c3358db598c45eb9a71a1125d4bd6c2","train_predictor_loss_batch","15892","1765817343674","1.7971432209014893"
"finetune_demo","5c3358db598c45eb9a71a1125d4bd6c2","train_predictor_loss_batch","15996","1765817523218","1.8038750886917114"
"finetune_demo","5c3358db598c45eb9a71a1125d4bd6c2","train_predictor_loss_batch","16099","1765817700919","1.7967097759246826"
"finetune_demo","5c3358db598c45eb9a71a1125d4bd6c2","train_predictor_loss_batch","16202","1765817878693","1.8045969009399414"
"finetune_demo","5c3358db598c45eb9a71a1125d4bd6c2","train_predictor_loss_batch","16305","1765818056453","1.7967482805252075"
"finetune_demo","5c3358db598c45eb9a71a1125d4bd6c2","train_predictor_loss_batch","16408","1765818233962","1.7686740159988403"
"finetune_demo","5c3358db598c45eb9a71a1125d4bd6c2","train_predictor_loss_batch","16512","1765818413597","1.7765032052993774"
"finetune_demo","5c3358db598c45eb9a71a1125d4bd6c2","train_predictor_loss_batch","16615","1765818591814","1.7609598636627197"
"finetune_demo","5c3358db598c45eb9a71a1125d4bd6c2","train_predictor_loss_batch","16718","1765818769501","1.7831861972808838"
"finetune_demo","5c3358db598c45eb9a71a1125d4bd6c2","train_predictor_loss_batch","16821","1765818947282","1.755540370941162"
"finetune_demo","5c3358db598c45eb9a71a1125d4bd6c2","train_predictor_loss_batch","16924","1765819159988","1.749119520187378"
"finetune_demo","5c3358db598c45eb9a71a1125d4bd6c2","train_predictor_loss_batch","17028","1765819339594","1.7850703001022339"
"finetune_demo","5c3358db598c45eb9a71a1125d4bd6c2","train_predictor_loss_batch","17131","1765819517570","1.7855303287506104"
"finetune_demo","5c3358db598c45eb9a71a1125d4bd6c2","train_predictor_loss_batch","17234","1765819695365","1.756455898284912"
"finetune_demo","5c3358db598c45eb9a71a1125d4bd6c2","train_predictor_loss_batch","17337","1765819873141","1.748957633972168"
"finetune_demo","5c3358db598c45eb9a71a1125d4bd6c2","train_predictor_loss_batch","17440","1765820051482","1.7274690866470337"
"finetune_demo","5c3358db598c45eb9a71a1125d4bd6c2","train_predictor_loss_batch","17544","1765820230976","1.7338385581970215"
"finetune_demo","5c3358db598c45eb9a71a1125d4bd6c2","train_predictor_loss_batch","17647","1765820408781","1.7309300899505615"
"finetune_demo","5c3358db598c45eb9a71a1125d4bd6c2","train_predictor_loss_batch","17750","1765820586490","1.7542150020599365"
"finetune_demo","5c3358db598c45eb9a71a1125d4bd6c2","train_predictor_loss_batch","17853","1765820764292","1.7528120279312134"
"finetune_demo","5c3358db598c45eb9a71a1125d4bd6c2","train_predictor_loss_batch","17956","1765820942808","1.71405029296875"
"finetune_demo","5c3358db598c45eb9a71a1125d4bd6c2","train_predictor_loss_batch","18060","1765821122961","1.7135075330734253"
"finetune_demo","5c3358db598c45eb9a71a1125d4bd6c2","train_predictor_loss_batch","18163","1765821301188","1.7150824069976807"
"finetune_demo","5c3358db598c45eb9a71a1125d4bd6c2","train_predictor_loss_batch","18266","1765821513744","1.7313666343688965"
"finetune_demo","5c3358db598c45eb9a71a1125d4bd6c2","train_predictor_loss_batch","18369","1765821691658","1.730480670928955"
"finetune_demo","5c3358db598c45eb9a71a1125d4bd6c2","train_predictor_loss_batch","18472","1765821869693","1.7035026550292969"
"finetune_demo","5c3358db598c45eb9a71a1125d4bd6c2","train_predictor_loss_batch","18576","1765822049336","1.6954081058502197"
"finetune_demo","5c3358db598c45eb9a71a1125d4bd6c2","train_predictor_loss_batch","18679","1765822227834","1.6918736696243286"
"finetune_demo","5c3358db598c45eb9a71a1125d4bd6c2","train_predictor_loss_batch","18782","1765822405853","1.6884052753448486"
"finetune_demo","5c3358db598c45eb9a71a1125d4bd6c2","train_predictor_loss_batch","18885","1765822584359","1.72422456741333"
"finetune_demo","5c3358db598c45eb9a71a1125d4bd6c2","train_predictor_loss_batch","18988","1765822762331","1.7192275524139404"
"finetune_demo","5c3358db598c45eb9a71a1125d4bd6c2","train_predictor_loss_batch","19092","1765822942047","1.689987301826477"
"finetune_demo","5c3358db598c45eb9a71a1125d4bd6c2","train_predictor_loss_batch","19195","1765823120406","1.6959397792816162"
"finetune_demo","5c3358db598c45eb9a71a1125d4bd6c2","train_predictor_loss_batch","19298","1765823298448","1.686594009399414"
"finetune_demo","5c3358db598c45eb9a71a1125d4bd6c2","train_predictor_loss_batch","19401","1765823477094","1.6964633464813232"
"finetune_demo","5c3358db598c45eb9a71a1125d4bd6c2","train_predictor_loss_batch","19504","1765823654791","1.6977684497833252"
"finetune_demo","5c3358db598c45eb9a71a1125d4bd6c2","train_predictor_loss_batch","19608","1765823834246","1.702112078666687"
"finetune_demo","5c3358db598c45eb9a71a1125d4bd6c2","train_predictor_loss_batch","19711","1765824046607","1.6914212703704834"
"finetune_demo","5c3358db598c45eb9a71a1125d4bd6c2","train_predictor_loss_batch","19814","1765824224393","1.6792187690734863"
"finetune_demo","5c3358db598c45eb9a71a1125d4bd6c2","train_predictor_loss_batch","19917","1765824402214","1.7009973526000977"
"finetune_demo","5c3358db598c45eb9a71a1125d4bd6c2","train_predictor_loss_batch","20020","1765824579944","1.683822512626648"
"finetune_demo","5c3358db598c45eb9a71a1125d4bd6c2","train_predictor_loss_batch","20124","1765824759549","1.6914656162261963"
"finetune_demo","5c3358db598c45eb9a71a1125d4bd6c2","train_predictor_loss_batch","20227","1765824937564","1.661259412765503"
"finetune_demo","5c3358db598c45eb9a71a1125d4bd6c2","train_predictor_loss_batch","20330","1765825115624","1.6701152324676514"
"finetune_demo","5c3358db598c45eb9a71a1125d4bd6c2","train_predictor_loss_batch","20433","1765825293611","1.669374942779541"
"finetune_demo","5c3358db598c45eb9a71a1125d4bd6c2","train_predictor_loss_batch","20536","1765825471033","1.6614866256713867"
"finetune_demo","5c3358db598c45eb9a71a1125d4bd6c2","train_predictor_loss_batch","20640","1765825650246","1.6594966650009155"
"finetune_demo","5c3358db598c45eb9a71a1125d4bd6c2","train_predictor_loss_batch","20743","1765825827517","1.6642913818359375"
"finetune_demo","5c3358db598c45eb9a71a1125d4bd6c2","train_predictor_loss_batch","20846","1765826004984","1.6515041589736938"
"finetune_demo","5c3358db598c45eb9a71a1125d4bd6c2","train_predictor_loss_batch","20949","1765826182656","1.655752182006836"
"finetune_demo","5c3358db598c45eb9a71a1125d4bd6c2","train_predictor_loss_batch","21052","1765826395476","1.6708118915557861"
"finetune_demo","5c3358db598c45eb9a71a1125d4bd6c2","train_predictor_loss_batch","21156","1765826575018","1.6560001373291016"
"finetune_demo","5c3358db598c45eb9a71a1125d4bd6c2","train_predictor_loss_batch","21259","1765826752701","1.630779504776001"
"finetune_demo","5c3358db598c45eb9a71a1125d4bd6c2","train_predictor_loss_batch","21362","1765826930799","1.6430542469024658"
"finetune_demo","5c3358db598c45eb9a71a1125d4bd6c2","train_predictor_loss_batch","21465","1765827108539","1.6610709428787231"
"finetune_demo","5c3358db598c45eb9a71a1125d4bd6c2","train_predictor_loss_batch","21568","1765827286302","1.6304352283477783"
"finetune_demo","5c3358db598c45eb9a71a1125d4bd6c2","train_predictor_loss_batch","21672","1765827465822","1.6225438117980957"
"finetune_demo","5c3358db598c45eb9a71a1125d4bd6c2","train_predictor_loss_batch","21775","1765827643949","1.6238751411437988"
"finetune_demo","5c3358db598c45eb9a71a1125d4bd6c2","train_predictor_loss_batch","21878","1765827822254","1.6402161121368408"
"finetune_demo","5c3358db598c45eb9a71a1125d4bd6c2","train_predictor_loss_batch","21981","1765828000519","1.6465338468551636"
"finetune_demo","5c3358db598c45eb9a71a1125d4bd6c2","train_predictor_loss_batch","22084","1765828178784","1.6484649181365967"
"finetune_demo","5c3358db598c45eb9a71a1125d4bd6c2","train_predictor_loss_batch","22188","1765828358552","1.633259654045105"
"finetune_demo","5c3358db598c45eb9a71a1125d4bd6c2","train_predictor_loss_batch","22291","1765828536573","1.6077392101287842"
"finetune_demo","5c3358db598c45eb9a71a1125d4bd6c2","train_predictor_loss_batch","22394","1765828714605","1.622544527053833"
"finetune_demo","5c3358db598c45eb9a71a1125d4bd6c2","train_predictor_loss_batch","22497","1765828927060","1.6015963554382324"
"finetune_demo","5c3358db598c45eb9a71a1125d4bd6c2","train_predictor_loss_batch","22600","1765829105138","1.6029009819030762"
"finetune_demo","5c3358db598c45eb9a71a1125d4bd6c2","train_predictor_loss_batch","22704","1765829284637","1.596827745437622"
"finetune_demo","5c3358db598c45eb9a71a1125d4bd6c2","train_predictor_loss_batch","22807","1765829462440","1.6356377601623535"
"finetune_demo","5c3358db598c45eb9a71a1125d4bd6c2","train_predictor_loss_batch","22910","1765829640304","1.6057279109954834"
"finetune_demo","5c3358db598c45eb9a71a1125d4bd6c2","train_predictor_loss_batch","23013","1765829817943","1.6085913181304932"
"finetune_demo","5c3358db598c45eb9a71a1125d4bd6c2","train_predictor_loss_batch","23116","1765829996324","1.6002795696258545"
"finetune_demo","5c3358db598c45eb9a71a1125d4bd6c2","train_predictor_loss_batch","23220","1765830175659","1.6440398693084717"
"finetune_demo","5c3358db598c45eb9a71a1125d4bd6c2","train_predictor_loss_batch","23323","1765830353417","1.5986344814300537"
"finetune_demo","5c3358db598c45eb9a71a1125d4bd6c2","train_predictor_loss_batch","23426","1765830531461","1.6128734350204468"
"finetune_demo","5c3358db598c45eb9a71a1125d4bd6c2","train_predictor_loss_batch","23529","1765830709785","1.608176827430725"
"finetune_demo","5c3358db598c45eb9a71a1125d4bd6c2","train_predictor_loss_batch","23632","1765830888064","1.6116610765457153"
"finetune_demo","5c3358db598c45eb9a71a1125d4bd6c2","train_predictor_loss_batch","23736","1765831067628","1.6024878025054932"
"finetune_demo","5c3358db598c45eb9a71a1125d4bd6c2","train_predictor_loss_batch","23839","1765831281487","1.6005319356918335"
"finetune_demo","5c3358db598c45eb9a71a1125d4bd6c2","train_predictor_loss_batch","23942","1765831459403","1.6016218662261963"
"finetune_demo","5c3358db598c45eb9a71a1125d4bd6c2","train_predictor_loss_batch","24045","1765831637442","1.616768479347229"
"finetune_demo","5c3358db598c45eb9a71a1125d4bd6c2","train_predictor_loss_batch","24148","1765831815302","1.6016812324523926"
"finetune_demo","5c3358db598c45eb9a71a1125d4bd6c2","train_predictor_loss_batch","24252","1765831995814","1.578998327255249"
"finetune_demo","5c3358db598c45eb9a71a1125d4bd6c2","train_predictor_loss_batch","24355","1765832174679","1.6037269830703735"
"finetune_demo","5c3358db598c45eb9a71a1125d4bd6c2","train_predictor_loss_batch","24458","1765832352819","1.612849473953247"
"finetune_demo","5c3358db598c45eb9a71a1125d4bd6c2","train_predictor_loss_batch","24561","1765832531496","1.5851452350616455"
"finetune_demo","5c3358db598c45eb9a71a1125d4bd6c2","train_predictor_loss_batch","24664","1765832709265","1.5790001153945923"
"finetune_demo","5c3358db598c45eb9a71a1125d4bd6c2","train_predictor_loss_batch","24768","1765832888967","1.5786490440368652"
"finetune_demo","5c3358db598c45eb9a71a1125d4bd6c2","train_predictor_loss_batch","24871","1765833066583","1.5970383882522583"
"finetune_demo","5c3358db598c45eb9a71a1125d4bd6c2","train_predictor_loss_batch","24974","1765833244179","1.601274013519287"
"finetune_demo","5c3358db598c45eb9a71a1125d4bd6c2","train_predictor_loss_batch","25077","1765833421879","1.5945076942443848"
"finetune_demo","5c3358db598c45eb9a71a1125d4bd6c2","train_predictor_loss_batch","25180","1765833600321","1.5786160230636597"
"finetune_demo","5c3358db598c45eb9a71a1125d4bd6c2","train_predictor_loss_batch","25284","1765833814449","1.5752151012420654"
"finetune_demo","5c3358db598c45eb9a71a1125d4bd6c2","train_predictor_loss_batch","25387","1765833992044","1.5890369415283203"
"finetune_demo","5c3358db598c45eb9a71a1125d4bd6c2","train_predictor_loss_batch","25490","1765834169765","1.5674375295639038"
"finetune_demo","5c3358db598c45eb9a71a1125d4bd6c2","train_predictor_loss_batch","25593","1765834347748","1.5750653743743896"
"finetune_demo","5c3358db598c45eb9a71a1125d4bd6c2","train_predictor_loss_batch","25696","1765834525550","1.57718825340271"
"finetune_demo","5c3358db598c45eb9a71a1125d4bd6c2","train_predictor_loss_batch","25800","1765834704940","1.5602612495422363"
"finetune_demo","5c3358db598c45eb9a71a1125d4bd6c2","train_predictor_loss_batch","25903","1765834882969","1.5663747787475586"
"finetune_demo","5c3358db598c45eb9a71a1125d4bd6c2","train_predictor_loss_batch","26006","1765835061086","1.568276286125183"
"finetune_demo","5c3358db598c45eb9a71a1125d4bd6c2","train_predictor_loss_batch","26109","1765835239061","1.580061912536621"
"finetune_demo","5c3358db598c45eb9a71a1125d4bd6c2","train_predictor_loss_batch","26212","1765835416847","1.5782012939453125"
"finetune_demo","5c3358db598c45eb9a71a1125d4bd6c2","train_predictor_loss_batch","26316","1765835596919","1.565082311630249"
"finetune_demo","5c3358db598c45eb9a71a1125d4bd6c2","train_predictor_loss_batch","26419","1765835774580","1.5694721937179565"
"finetune_demo","5c3358db598c45eb9a71a1125d4bd6c2","train_predictor_loss_batch","26522","1765835952423","1.5617525577545166"
"finetune_demo","5c3358db598c45eb9a71a1125d4bd6c2","train_predictor_loss_batch","26625","1765836130019","1.5843331813812256"
"finetune_demo","5c3358db598c45eb9a71a1125d4bd6c2","train_predictor_loss_batch","26728","1765836342398","1.5709887742996216"
"finetune_demo","5c3358db598c45eb9a71a1125d4bd6c2","train_predictor_loss_batch","26832","1765836521384","1.5721073150634766"
"finetune_demo","5c3358db598c45eb9a71a1125d4bd6c2","train_predictor_loss_batch","26935","1765836698627","1.57084321975708"
"finetune_demo","5c3358db598c45eb9a71a1125d4bd6c2","train_predictor_loss_batch","27038","1765836876378","1.5818544626235962"
"finetune_demo","5c3358db598c45eb9a71a1125d4bd6c2","train_predictor_loss_batch","27141","1765837053921","1.5549978017807007"
"finetune_demo","5c3358db598c45eb9a71a1125d4bd6c2","train_predictor_loss_batch","27244","1765837231546","1.5414152145385742"
"finetune_demo","5c3358db598c45eb9a71a1125d4bd6c2","train_predictor_loss_batch","27348","1765837410744","1.5706946849822998"
"finetune_demo","5c3358db598c45eb9a71a1125d4bd6c2","train_predictor_loss_batch","27451","1765837588518","1.5577400922775269"
"finetune_demo","5c3358db598c45eb9a71a1125d4bd6c2","train_predictor_loss_batch","27554","1765837766196","1.5467015504837036"
"finetune_demo","5c3358db598c45eb9a71a1125d4bd6c2","train_predictor_loss_batch","27657","1765837943606","1.5722332000732422"
"finetune_demo","5c3358db598c45eb9a71a1125d4bd6c2","train_predictor_loss_batch","27760","1765838121302","1.5619838237762451"
"finetune_demo","5c3358db598c45eb9a71a1125d4bd6c2","train_predictor_loss_batch","27864","1765838300684","1.5479274988174438"
"finetune_demo","5c3358db598c45eb9a71a1125d4bd6c2","train_predictor_loss_batch","27967","1765838477971","1.5578415393829346"
"finetune_demo","5c3358db598c45eb9a71a1125d4bd6c2","train_predictor_loss_batch","28070","1765838690673","1.5456674098968506"
"finetune_demo","5c3358db598c45eb9a71a1125d4bd6c2","train_predictor_loss_batch","28173","1765838868515","1.543789029121399"
"finetune_demo","5c3358db598c45eb9a71a1125d4bd6c2","train_predictor_loss_batch","28276","1765839046259","1.5400760173797607"
"finetune_demo","5c3358db598c45eb9a71a1125d4bd6c2","train_predictor_loss_batch","28380","1765839226068","1.5402507781982422"
"finetune_demo","5c3358db598c45eb9a71a1125d4bd6c2","train_predictor_loss_batch","28483","1765839404599","1.559894323348999"
"finetune_demo","5c3358db598c45eb9a71a1125d4bd6c2","train_predictor_loss_batch","28586","1765839582352","1.5414619445800781"
"finetune_demo","5c3358db598c45eb9a71a1125d4bd6c2","train_predictor_loss_batch","28689","1765839760038","1.5326642990112305"
"finetune_demo","5c3358db598c45eb9a71a1125d4bd6c2","train_predictor_loss_batch","28792","1765839938256","1.526926040649414"
"finetune_demo","5c3358db598c45eb9a71a1125d4bd6c2","train_predictor_loss_batch","28896","1765840117283","1.552016019821167"
"finetune_demo","5c3358db598c45eb9a71a1125d4bd6c2","train_predictor_loss_batch","28999","1765840294921","1.5240509510040283"
"finetune_demo","5c3358db598c45eb9a71a1125d4bd6c2","train_predictor_loss_batch","29102","1765840472472","1.533241629600525"
"finetune_demo","5c3358db598c45eb9a71a1125d4bd6c2","train_predictor_loss_batch","29205","1765840649837","1.5360112190246582"
"finetune_demo","5c3358db598c45eb9a71a1125d4bd6c2","train_predictor_loss_batch","29308","1765840827495","1.523099660873413"
"finetune_demo","5c3358db598c45eb9a71a1125d4bd6c2","train_predictor_loss_batch","29412","1765841007289","1.5177512168884277"
"finetune_demo","5c3358db598c45eb9a71a1125d4bd6c2","train_predictor_loss_batch","29515","1765841221504","1.539984941482544"
"finetune_demo","5c3358db598c45eb9a71a1125d4bd6c2","train_predictor_loss_batch","29618","1765841399034","1.5454477071762085"
"finetune_demo","5c3358db598c45eb9a71a1125d4bd6c2","train_predictor_loss_batch","29721","1765841576572","1.5165276527404785"
"finetune_demo","5c3358db598c45eb9a71a1125d4bd6c2","train_predictor_loss_batch","29824","1765841753967","1.5218746662139893"
"finetune_demo","5c3358db598c45eb9a71a1125d4bd6c2","train_predictor_loss_batch","29928","1765841933444","1.535592794418335"
"finetune_demo","5c3358db598c45eb9a71a1125d4bd6c2","train_predictor_loss_batch","30031","1765842111310","1.5509098768234253"
"finetune_demo","5c3358db598c45eb9a71a1125d4bd6c2","train_predictor_loss_batch","30134","1765842289703","1.519768238067627"
"finetune_demo","5c3358db598c45eb9a71a1125d4bd6c2","train_predictor_loss_batch","30237","1765842467721","1.5394058227539062"
"finetune_demo","5c3358db598c45eb9a71a1125d4bd6c2","train_predictor_loss_batch","30340","1765842645440","1.5552310943603516"
"finetune_demo","5c3358db598c45eb9a71a1125d4bd6c2","train_predictor_loss_batch","30444","1765842824778","1.5373001098632812"
"finetune_demo","5c3358db598c45eb9a71a1125d4bd6c2","train_predictor_loss_batch","30547","1765843003059","1.5245661735534668"
"finetune_demo","5c3358db598c45eb9a71a1125d4bd6c2","train_predictor_loss_batch","30650","1765843182194","1.5219972133636475"
"finetune_demo","5c3358db598c45eb9a71a1125d4bd6c2","train_predictor_loss_batch","30753","1765843360175","1.5416665077209473"
"finetune_demo","5c3358db598c45eb9a71a1125d4bd6c2","train_predictor_loss_batch","30856","1765843573748","1.5226246118545532"
"finetune_demo","5c3358db598c45eb9a71a1125d4bd6c2","train_predictor_loss_batch","30960","1765843754017","1.5033559799194336"
"finetune_demo","5c3358db598c45eb9a71a1125d4bd6c2","train_predictor_loss_batch","31063","1765843933320","1.5301165580749512"
"finetune_demo","5c3358db598c45eb9a71a1125d4bd6c2","train_predictor_loss_batch","31166","1765844111898","1.543522596359253"
"finetune_demo","5c3358db598c45eb9a71a1125d4bd6c2","train_predictor_loss_batch","31269","1765844290953","1.5152885913848877"
"finetune_demo","5c3358db598c45eb9a71a1125d4bd6c2","train_predictor_loss_batch","31372","1765844469189","1.5165090560913086"
"finetune_demo","5c3358db598c45eb9a71a1125d4bd6c2","train_predictor_loss_batch","31476","1765844649523","1.51723313331604"
"finetune_demo","5c3358db598c45eb9a71a1125d4bd6c2","train_predictor_loss_batch","31579","1765844827925","1.5265610218048096"
"finetune_demo","5c3358db598c45eb9a71a1125d4bd6c2","train_predictor_loss_batch","31682","1765845007140","1.507558822631836"
"finetune_demo","5c3358db598c45eb9a71a1125d4bd6c2","train_predictor_loss_batch","31785","1765845186370","1.5169341564178467"
"finetune_demo","5c3358db598c45eb9a71a1125d4bd6c2","train_predictor_loss_batch","31888","1765845365535","1.5138792991638184"
"finetune_demo","5c3358db598c45eb9a71a1125d4bd6c2","train_predictor_loss_batch","31992","1765845546671","1.509480357170105"
"finetune_demo","5c3358db598c45eb9a71a1125d4bd6c2","train_predictor_loss_batch","32095","1765845726477","1.4921650886535645"
"finetune_demo","5c3358db598c45eb9a71a1125d4bd6c2","train_predictor_loss_batch","32198","1765845906308","1.5128486156463623"
"finetune_demo","5c3358db598c45eb9a71a1125d4bd6c2","train_predictor_loss_batch","32301","1765846120608","1.5081639289855957"
"finetune_demo","5c3358db598c45eb9a71a1125d4bd6c2","train_predictor_loss_batch","32404","1765846299861","1.4960395097732544"
"finetune_demo","5c3358db598c45eb9a71a1125d4bd6c2","train_predictor_loss_batch","32508","1765846480799","1.4945151805877686"
"finetune_demo","5c3358db598c45eb9a71a1125d4bd6c2","train_predictor_loss_batch","32611","1765846659970","1.519045352935791"
"finetune_demo","5c3358db598c45eb9a71a1125d4bd6c2","train_predictor_loss_batch","32714","1765846840423","1.5050240755081177"
"finetune_demo","5c3358db598c45eb9a71a1125d4bd6c2","train_predictor_loss_batch","32817","1765847021706","1.5285215377807617"
"finetune_demo","5c3358db598c45eb9a71a1125d4bd6c2","train_predictor_loss_batch","32920","1765847201350","1.501227855682373"
"finetune_demo","5c3358db598c45eb9a71a1125d4bd6c2","train_predictor_loss_batch","33023","1765847380782","1.5078548192977905"
